id,first_name,last_name,email,gender,group
1,Marnie,Plover,mplover0@geocities.jp,Bigender,pqr
2,Evangelin,Tawton,etawton1@webeden.co.uk,Female,xyz
3,Aldin,Wilkison,awilkison2@dagondesign.com,Male,
4,Ralina,Longbothom,,Female,xyz
5,Gib,Zouch,gzouch4@shutterfly.com,Male,123
6,Brynne,Boc,bboc5@theatlantic.com,Female,789
7,Chastity,Girdlestone,cgirdlestone6@wired.com,Female,pqr
8,Crosby,Cabrales,ccabrales7@hibu.com,Male,xyz
9,Hynda,Lucks,hlucks8@newyorker.com,Female,789
10,Reinaldos,Mease,rmease9@wsj.com,Male,abc
11,Thomas,McCambridge,tmccambridgea@freewebs.com,Male,456
12,Quent,Glen,qglenb@jimdo.com,,pqr
13,Zea,Whyffen,zwhyffenc@linkedin.com,Female,def
14,Iolanthe,Prover,iproverd@craigslist.org,Female,456
15,Tera,Meiklejohn,tmeiklejohne@theguardian.com,Female,mno
16,Garrick,Symmers,gsymmersf@storify.com,Male,123
17,Greer,Andriolli,gandriollig@unicef.org,Non-binary,pqr
18,Vinny,Dowdell,vdowdellh@apache.org,Male,pqr
19,Angelika,Tooker,atookeri@twitpic.com,Non-binary,abc
20,Ricki,Waulker,rwaulkerj@ucsd.edu,Female,abc
21,Mathilde,Keme,mkemek@smh.com.au,Female,
22,Marlene,Handrock,mhandrockl@disqus.com,Female,abc
23,Morna,Fink,mfinkm@geocities.jp,Female,xyz
24,Moselle,Dinan,mdinann@alexa.com,Female,abc
25,Farlee,Shardlow,fshardlowo@sohu.com,Male,789
26,Sidnee,Pitsall,spitsallp@people.com.cn,Male,
27,Edna,Younge,eyoungeq@dailymail.co.uk,Female,789
28,Francesco,Tondeur,ftondeurr@edublogs.org,Male,jkl
29,Lanie,Gaffer,lgaffers@house.gov,Female,pqr
30,Horatia,Bottomer,hbottomert@jimdo.com,Female,abc
31,Tripp,Diamant,tdiamantu@irs.gov,Male,mno
32,Stevie,Whisby,swhisbyv@comsenz.com,Male,def
33,Garner,Palin,gpalinw@noaa.gov,Male,abc
34,Bernadette,McCrum,bmccrumx@friendfeed.com,Bigender,xyz
35,Dorine,Faiers,dfaiersy@microsoft.com,Female,xyz
36,Bethina,Damant,bdamantz@exblog.jp,Female,456
37,Tull,Penlington,tpenlington10@springer.com,Male,ghi
38,Leupold,Bazylets,lbazylets11@hubpages.com,Genderfluid,mno
39,Frieda,Pietron,fpietron12@sphinn.com,Female,
40,Lisetta,Graber,lgraber13@pagesperso-orange.fr,Female,pqr
41,Filberte,Turvie,fturvie14@paypal.com,Male,ghi
42,Orv,Thomazin,othomazin15@patch.com,Male,
43,Rich,Heyward,rheyward16@cafepress.com,Male,456
44,Esta,Youel,eyouel17@bloomberg.com,Genderfluid,
45,Miguel,Paylor,mpaylor18@mapy.cz,Male,jkl
46,Jack,Aartsen,jaartsen19@senate.gov,Male,ghi
47,Micky,Sommerling,msommerling1a@hatena.ne.jp,Female,
48,Christalle,Pointin,cpointin1b@cargocollective.com,Female,pqr
49,Filia,Ferrara,fferrara1c@ocn.ne.jp,Female,jkl
50,Rosemarie,Jakubczyk,rjakubczyk1d@nifty.com,Female,789
51,Damian,Albisser,dalbisser1e@webnode.com,,ghi
52,Rowney,Chicotti,rchicotti1f@marriott.com,Male,
53,Merl,Doxsey,mdoxsey1g@archive.org,Female,123
54,Dottie,Brokenshaw,dbrokenshaw1h@flickr.com,Female,mno
55,Filip,Wolfers,,Male,xyz
56,Alberta,Glendinning,aglendinning1j@woothemes.com,Female,def
57,Tamas,Twist,ttwist1k@tripod.com,Male,xyz
58,Tessie,Mulrenan,tmulrenan1l@g.co,Polygender,pqr
59,Mela,Jakov,mjakov1m@abc.net.au,Female,abc
60,Randi,Richfield,rrichfield1n@chronoengine.com,Male,123
61,Shelley,Gascoyen,sgascoyen1o@google.com.hk,Female,ghi
62,Annice,McGhie,amcghie1p@time.com,Female,abc
63,Kanya,Sissot,ksissot1q@webeden.co.uk,Female,def
64,Laurie,Livick,llivick1r@si.edu,Male,mno
65,Maighdiln,Gisby,mgisby1s@exblog.jp,Female,pqr
66,Lem,Sauter,lsauter1t@edublogs.org,Male,xyz
67,Tierney,Bende,tbende1u@skyrock.com,Female,mno
68,Stephana,Omond,somond1v@xrea.com,Bigender,123
69,Domenic,Corkel,dcorkel1w@bing.com,Male,def
70,Roosevelt,Goodhay,rgoodhay1x@google.cn,Male,789
71,Hanan,Dallemore,hdallemore1y@printfriendly.com,Male,789
72,Dana,Cathrae,dcathrae1z@symantec.com,Female,
73,Christen,Mackriell,cmackriell20@princeton.edu,Female,abc
74,Chancey,McLaverty,cmclaverty21@huffingtonpost.com,Male,789
75,Emelia,Baldacchi,ebaldacchi22@mapquest.com,Female,jkl
76,Natassia,Jerschke,njerschke23@cloudflare.com,Female,jkl
77,Kacie,Scouller,,Female,
78,Michaelina,Sempill,msempill25@mapquest.com,Female,def
79,Delmore,Le-Good,dlegood26@vimeo.com,Agender,pqr
80,Adey,Boldra,aboldra27@patch.com,Female,xyz
81,Katrina,Mance,kmance28@mtv.com,Female,789
82,Othilie,Coggon,ocoggon29@umn.edu,Female,def
83,Walden,Dericot,wdericot2a@nifty.com,Male,jkl
84,Tiebout,Gillatt,tgillatt2b@cbsnews.com,Male,jkl
85,Wiley,Attoe,wattoe2c@dmoz.org,Male,ghi
86,Gwendolyn,Tinham,gtinham2d@uol.com.br,Female,123
87,Koralle,Paten,kpaten2e@sfgate.com,Female,123
88,Isadore,Langrish,ilangrish2f@businesswire.com,Male,mno
89,Poul,Basant,pbasant2g@geocities.jp,Male,def
90,Langsdon,Fellnee,lfellnee2h@fotki.com,Male,123
91,Kitty,Humble,khumble2i@slashdot.org,Female,abc
92,Taddeusz,Dockray,tdockray2j@macromedia.com,Male,jkl
93,Merrick,Jelf,mjelf2k@springer.com,Male,789
94,Patten,Ruzicka,pruzicka2l@tiny.cc,Male,xyz
95,Ronica,Fillan,rfillan2m@friendfeed.com,Female,jkl
96,Kirstin,Tabourel,ktabourel2n@fc2.com,Female,pqr
97,Fidelia,Witch,fwitch2o@nba.com,Female,def
98,Elbert,Ryle,eryle2p@bluehost.com,Bigender,jkl
99,Mordecai,Pierton,mpierton2q@tumblr.com,,
100,Berny,Sorey,bsorey2r@e-recht24.de,Male,pqr
101,Lincoln,Barfitt,lbarfitt2s@washingtonpost.com,Male,mno
102,Devora,Keelan,dkeelan2t@printfriendly.com,Female,123
103,Violante,Ruseworth,vruseworth2u@senate.gov,Female,
104,Sky,Jenckes,sjenckes2v@multiply.com,Male,xyz
105,Dulciana,Cottingham,dcottingham2w@bandcamp.com,Female,jkl
106,Benjamin,Bilbee,bbilbee2x@theatlantic.com,Male,xyz
107,Nerissa,Ketcher,nketcher2y@eepurl.com,Female,mno
108,Rutger,Brunner,,Genderfluid,abc
109,Hardy,Matyushkin,hmatyushkin30@google.it,Male,xyz
110,Tessy,Brittain,tbrittain31@google.ca,Female,456
111,Godard,Nesbit,gnesbit32@twitpic.com,Male,abc
112,Katleen,Garnul,kgarnul33@symantec.com,Female,mno
113,Coral,Squeers,csqueers34@alibaba.com,Female,456
114,Kendre,Boch,kboch35@liveinternet.ru,Female,789
115,Colver,Summerson,csummerson36@delicious.com,Male,jkl
116,Belvia,Slorance,bslorance37@cpanel.net,Female,pqr
117,Tomaso,Facer,,Male,ghi
118,Kali,Favell,kfavell39@mtv.com,Agender,789
119,Quentin,Karran,qkarran3a@fastcompany.com,,def
120,Yolanthe,Eddisforth,,Female,abc
121,Penny,Dolligon,pdolligon3c@delicious.com,Male,jkl
122,Lyn,Ellwand,lellwand3d@illinois.edu,Female,abc
123,Miles,Kubecka,mkubecka3e@wunderground.com,Male,456
124,Dasya,Mityakov,dmityakov3f@youtu.be,Agender,
125,Mavra,Thurber,mthurber3g@list-manage.com,Female,ghi
126,Ingelbert,Cherrington,icherrington3h@sphinn.com,Genderfluid,jkl
127,Edyth,Mussettini,emussettini3i@rediff.com,Female,456
128,Kearney,Uttley,kuttley3j@ted.com,Male,789
129,Erhard,Semmence,esemmence3k@privacy.gov.au,Male,jkl
130,Deloris,Garthside,dgarthside3l@histats.com,Female,pqr
131,Clair,Maha,cmaha3m@xrea.com,Male,xyz
132,Vonni,Baston,vbaston3n@bing.com,Female,ghi
133,Arleta,Jarvis,ajarvis3o@newyorker.com,,jkl
134,Noach,Giacovetti,ngiacovetti3p@intel.com,Male,abc
135,Winn,Beake,wbeake3q@psu.edu,Male,ghi
136,Fannie,Vernon,fvernon3r@samsung.com,Female,xyz
137,Ernestine,Mellish,emellish3s@dyndns.org,Female,pqr
138,Dalli,Faiers,dfaiers3t@infoseek.co.jp,Male,456
139,Tamarra,Botger,tbotger3u@ucoz.ru,Female,pqr
140,Mylo,Pietrzak,mpietrzak3v@examiner.com,Male,def
141,Lamont,Grimditch,lgrimditch3w@foxnews.com,Genderfluid,mno
142,Diahann,Muzzullo,dmuzzullo3x@youtu.be,Female,xyz
143,Gretal,Huster,ghuster3y@abc.net.au,Female,def
144,Harcourt,McAteer,hmcateer3z@hhs.gov,Male,mno
145,Hart,Ferronel,,Male,
146,Myron,Newe,mnewe41@bizjournals.com,Male,jkl
147,Jayson,Konmann,jkonmann42@privacy.gov.au,Male,def
148,Gnni,Gabala,ggabala43@weebly.com,Female,xyz
149,Kirbee,Bisley,kbisley44@cdc.gov,,123
150,Dermot,Stickins,dstickins45@dedecms.com,Male,pqr
151,Imojean,Leebetter,ileebetter46@irs.gov,Female,jkl
152,Collen,Coy,ccoy47@howstuffworks.com,Female,mno
153,Erda,Crolla,ecrolla48@nba.com,Female,pqr
154,Correy,Hyndson,chyndson49@mysql.com,Agender,xyz
155,Jaclyn,Scrigmour,jscrigmour4a@tumblr.com,Female,123
156,Dev,Hansom,dhansom4b@themeforest.net,Male,123
157,Germana,Andraud,gandraud4c@constantcontact.com,Female,789
158,Ray,Marquese,rmarquese4d@dropbox.com,Female,ghi
159,Jeth,Cantos,jcantos4e@redcross.org,Male,def
160,Gertrude,Paddison,,Non-binary,def
161,Willard,Le Galle,wlegalle4g@dell.com,Male,xyz
162,Clarence,Meers,cmeers4h@mashable.com,Male,abc
163,De witt,Lemin,dlemin4i@arizona.edu,Male,jkl
164,Brigitta,Narrie,bnarrie4j@tripod.com,Female,jkl
165,Marion,Jerman,mjerman4k@sourceforge.net,Male,xyz
166,Kaila,July,kjuly4l@about.me,Agender,ghi
167,Feliza,Daout,fdaout4m@mashable.com,Female,ghi
168,Bridget,Brunskill,bbrunskill4n@chicagotribune.com,Female,mno
169,Noella,Murrhardt,nmurrhardt4o@census.gov,Female,def
170,Shellysheldon,Adamowitz,sadamowitz4p@homestead.com,Male,jkl
171,Consalve,Coleyshaw,ccoleyshaw4q@eepurl.com,Male,ghi
172,Antin,Idney,aidney4r@w3.org,Male,jkl
173,Cornelius,Ramsell,cramsell4s@thetimes.co.uk,,jkl
174,Elsworth,Fills,efills4t@usa.gov,Male,
175,Natala,Hugli,nhugli4u@storify.com,Female,456
176,Monah,Pursglove,mpursglove4v@apache.org,Female,
177,Karissa,Owttrim,kowttrim4w@archive.org,Female,456
178,Tallie,Geekin,tgeekin4x@va.gov,Male,789
179,Quint,Conibear,qconibear4y@eventbrite.com,Male,pqr
180,Aprilette,Dulen,adulen4z@utexas.edu,Female,789
181,Harrietta,Finders,hfinders50@reddit.com,Female,abc
182,Ambrosius,Leeves,aleeves51@aboutads.info,Non-binary,def
183,Kiel,Whitchurch,kwhitchurch52@jimdo.com,Male,jkl
184,Alvis,O'Connolly,aoconnolly53@sina.com.cn,Male,123
185,Aldridge,Going,agoing54@europa.eu,Male,jkl
186,Nettie,Stedson,nstedson55@tripadvisor.com,Female,jkl
187,Isidoro,Simonnin,isimonnin56@gnu.org,Male,ghi
188,Randy,Regitz,rregitz57@nhs.uk,Female,jkl
189,Roxine,Arnoll,rarnoll58@taobao.com,Female,789
190,Rozelle,Newberry,rnewberry59@blogspot.com,Female,pqr
191,Thorny,Wadley,twadley5a@independent.co.uk,,def
192,Lewiss,Cattonnet,lcattonnet5b@wunderground.com,Male,456
193,Debera,Carnaman,,Female,def
194,Germaine,McNamee,gmcnamee5d@redcross.org,Male,abc
195,Estella,Moorey,emoorey5e@wiley.com,,mno
196,Rhea,Haydon,rhaydon5f@flavors.me,Female,789
197,Brianne,Balog,bbalog5g@bravesites.com,Female,abc
198,Edithe,Axon,eaxon5h@gmpg.org,Female,ghi
199,Guntar,Rawles,grawles5i@cbsnews.com,Male,ghi
200,Tabina,Chatres,,Female,789
